Englisch;Deutsch;Kategorie;Beispielsatz
Federal Office of Bundeswehr Personnel Management (FOBwPM);Bundesamt für das Personalmanagement der Bundeswehr (BAPersBw);Organisation;The Federal Office of Bundeswehr Personnel Management is based in Cologne.
Directorate II – Augmentation;Abteilung II – Aufwuchs;Organisation;Directorate II is responsible for recruitment, selective service and vocational advancement.
augmentation;Aufwuchs;Kernbegriff;Our mission is the augmentation of the armed forces and the reserve.
Director;Abteilungsleiter;Organisation;The Director of Directorate II is Brigadier General Walter Schulte.
Brigadier General (BG);Brigadegeneral;Laufbahn;Brigadier General Schulte leads more than 800 staff members.
Federal Ministry of Defence (FMoD);Bundesministerium der Verteidigung (BMVg);Organisation;Social media is run on behalf of the Federal Ministry of Defence.
Bundeswehr Employer Branding (AGMBw);Arbeitgebermarke Bundeswehr;Organisation;Employer branding follows the principle "Go where the target audience is".
staff member;Mitarbeiterin / Mitarbeiter;Organisation;More than 800 staff members work in the directorate.
Bundeswehr careers center (KarrCBw);Karrierecenter der Bundeswehr;Organisation;Fifteen Bundeswehr careers centers are spread throughout Germany.
careers information office (KarrBB);Karriereberatungsbüro;Organisation;Our 99 careers information offices are the first point of contact for most applicants.
pre-induction examination center;Musterungszentrum;Organisation;Seventeen pre-induction examination centers will handle the medical examinations.
assessment center;Assessment Center;Organisation;Eight careers centers run an assessment center for applicants.
Assessment Center for executive personnel;Assessment Center für Führungskräfte;Organisation;Executive personnel are selected in a dedicated assessment center.
Bundeswehr Career Communication Center (CommC / KommCBw);Kommunikationscenter der Bundeswehr;Organisation;The career hotline is operated by the Career Communication Center.
career counsellor / career adviser;Karriereberaterin / Karriereberater;Organisation;Around 450 career counsellors work in the field.
recruiter;Personalwerber / Recruiter;Organisation;The US Army employs roughly 18,000 recruiters.
recruiting station;Werbebüro (US);USA;A recruiting station is the American counterpart of our careers information office.
garrison;Standort / Garnison;Organisation;Girls' Day is organized at about 140 different Bundeswehr garrisons.
service branch;Teilstreitkraft / Organisationsbereich;Organisation;Each Discovery Day focuses on a specific service branch.
Army;Heer;Organisation;The Army is the largest service branch of the Bundeswehr.
Air Force;Luftwaffe;Organisation;The Air Force Accessions Center is our host in the United States.
Navy;Marine;Organisation;The Navy runs its own visitor center for interested persons.
Joint Support and Enabling Service;Streitkräftebasis;Organisation;Logistics belong to the Joint Support and Enabling Service.
Medical Service;Sanitätsdienst;Organisation;The Medical Service recruits doctors and paramedics.
Cyber and Information Domain Service;Cyber- und Informationsraum;Organisation;Cyber careers attract a highly educated target group.
reserve force;Reserve;Kernbegriff;The reserve force is part of the overall augmentation target.
active duty;aktiver Dienst;USA;The figure includes active duty and reserve personnel.
personnel recruitment;Personalgewinnung;Kernbegriff;Personnel recruitment is our core responsibility.
recruitment / acquisition;Personalgewinnung / Akquise;Kernbegriff;Recruitment and retention are two sides of the same coin.
personnel retention;Personalbindung;Kernbegriff;Personnel retention keeps trained soldiers in the forces.
personnel replacement;Personalersatz;Kernbegriff;Personnel replacement covers the selective service and the reserve.
selective service;Wehrersatzwesen;Kernbegriff;Selective service was reactivated with the new law.
vocational advancement;Berufsförderung;Kernbegriff;Vocational advancement prepares soldiers for the civilian job market.
Vocational Advancement Service;Berufsförderungsdienst (BFD);Organisation;The Vocational Advancement Service supports soldiers leaving the forces.
new military service;Neuer Wehrdienst;Kernbegriff;The new military service is voluntary at heart.
voluntary military service;Freiwilliger Wehrdienst;Kernbegriff;Voluntary military service lasts up to eleven months.
short-term enlistment;Wehrdienst (Verpflichtung auf 12 Monate);Kernbegriff;Short-term enlistment for twelve months is a new option.
temporary-career volunteer;Soldat auf Zeit (SaZ);Laufbahn;More than 92 per cent of temporary-career volunteers find a civilian job right after their service.
career soldier / regular;Berufssoldat;Laufbahn;A career soldier serves until retirement age.
enlisted personnel;Mannschaften;Laufbahn;Enlisted personnel form the largest group of new hires.
non-commissioned officer (NCO);Unteroffizier;Laufbahn;A non-commissioned officer leads a small team.
officer;Offizier;Laufbahn;Officer candidates take part in a two-day assessment.
officer candidate;Offizieranwärter;Laufbahn;Every officer candidate must pass the assessment center.
candidate for advancement to officer career;Kandidat für den Aufstieg in die Offizierlaufbahn;Laufbahn;The figures include candidates for advancement to the officer career.
civil servant;Beamtin / Beamter;Laufbahn;We also recruit civil servants for the Bundeswehr administration.
civilian employee;Zivilbeschäftigte / Zivilbeschäftigter;Laufbahn;Civilian employees make up a quarter of the workforce.
civilian job market;ziviler Arbeitsmarkt;Kernbegriff;Ten thousand service members transition into the civilian job market every year.
compulsory military service;Wehrpflicht;Recht;Compulsory military service was suspended in 2011.
conscription;Wehrpflicht / Einberufung;Recht;Conscription requires a separate act of parliament.
call-up;Einberufung;Recht;A call-up is only possible if the Bundestag passes a law.
draft (US);Wehrpflicht / Einberufung (US-Begriff);USA;Please avoid the word draft when you describe the German model.
Military Service Modernization Act;Wehrdienstmodernisierungsgesetz;Recht;The Military Service Modernization Act entered into force on 1 January 2026.
military service act;Wehrpflichtgesetz;Recht;The new law amends the military service act.
amendment;Änderung / Novelle;Recht;The amendment introduced a mandatory questionnaire.
legal basis;Rechtsgrundlage;Recht;The legal basis for random selection already exists.
provision;Vorschrift / Bestimmung;Recht;Other provisions cover data protection and fines.
enactment of a law;Erlass eines Gesetzes;Recht;The enactment of a law by the Bundestag is required for call-ups.
approval of the Bundestag;Zustimmung des Bundestages;Recht;Nothing mandatory happens without the approval of the Bundestag.
Basic Law (German constitution);Grundgesetz;Recht;The duty to serve is anchored in Article 12a of the Basic Law.
conscientious objector;Kriegsdienstverweigerer;Recht;Conscientious objectors born before 2010 are exempt from the medical examination.
conscientious objection;Kriegsdienstverweigerung;Recht;Conscientious objection remains a constitutional right.
person subject to service obligation;Wehrpflichtiger;Recht;Registration data for persons subject to service obligation are updated automatically.
registration data;Erfassungsdaten / Meldedaten;Recht;Registration data come from the local residents' registration offices.
declaration of willingness;Bereitschaftserklärung;Verfahren;The declaration of willingness is a questionnaire sent to every eighteen-year-old.
questionnaire;Fragebogen;Verfahren;Men are obliged to return the questionnaire.
medical examination;Musterung / ärztliche Untersuchung;Verfahren;The medical examination becomes mandatory for men born in 2008.
mandatory;verpflichtend;Recht;All mandatory elements apply to those born in 2008.
waiver;Befreiung / Ausnahme;Recht;There is a waiver for conscientious objectors born before 2010.
random selection;Zufallsauswahl / Losverfahren;Recht;Random selection would only be used if volunteers were not sufficient.
lottery;Losverfahren;Recht;A lottery is the last resort in the law.
administrative fine;Bußgeld;Recht;An administrative fine of up to 250 euros applies if the questionnaire is not returned.
birth cohort;Jahrgang;Kernbegriff;The 2008 birth cohort is the first fully covered by the new rules.
those born in 2008;Jahrgang 2008;Kernbegriff;Those born in 2008 turn eighteen in 2026.
entitlement;Anspruch;Recht;After one year of service there is an entitlement to vocational advancement.
allowance;Zuschuss / Zulage;Recht;The allowance for a driving license is a strong incentive.
driving license (car / truck);Führerschein (Pkw / Lkw);Kernbegriff;A truck driving license is paid for after signing up.
data protection;Datenschutz;Recht;Data protection is the most critical milestone of any AI project.
General Data Protection Regulation (GDPR);Datenschutz-Grundverordnung (DSGVO);Recht;Under the GDPR consent must be freely given.
consent;Einwilligung;Recht;We rely on consent as the legal basis for messaging.
EU AI Act;KI-Verordnung der EU;Recht;Recruitment systems are high-risk under Annex III of the EU AI Act.
high-risk system;Hochrisikosystem;KI;An AI that ranks applicants is a high-risk system.
human oversight;menschliche Aufsicht;KI;Human oversight is required for every high-impact decision.
security clearance / screening;Sicherheitsüberprüfung;Verfahren;Hiring takes at least two weeks to allow enough time for screening.
loyalty-to-the-constitution check;Verfassungstreueprüfung;Verfahren;The loyalty-to-the-constitution check is part of the hiring phase.
candidate journey;Candidate Journey / Bewerberreise;Verfahren;We map the whole candidate journey from first contact to hiring.
modular approach;modularer Ansatz;Verfahren;A modular approach means every applicant gets an individual path.
activation;Aktivierung;Verfahren;Activation increases visibility among the target audience.
pre-activation;Vorab-Aktivierung;Verfahren;Pre-activation generates attention and creates transparency.
in-process activation;Aktivierung im Prozess;Verfahren;In-process activation boosts immediate interest.
post-activation;Nach-Aktivierung / Reaktivierung;Verfahren;Post-activation reactivates persons who are still hesitating.
career advice / career counselling;Karriereberatung;Verfahren;Career advice focuses on the needs of the individual.
initial consultation;Erstberatung / Erstberatungsgespräch;Verfahren;We conducted 110,000 initial consultations in 2025.
information talk;Informationsgespräch;Verfahren;More than 155,000 information talks were held last year.
interested person;Interessentin / Interessent;Verfahren;Every interested person receives a personal adviser.
prospect;Interessent (Marketingbegriff);Marketing;A prospect becomes a lead once we have his contact data.
lead;Kontakt / Lead;Marketing;Each QR code scan creates a lead in the CRM.
applicant;Bewerberin / Bewerber;Verfahren;Applicant numbers are once again high.
application;Bewerbung;Verfahren;We received almost 56,000 applications in 2025.
application submission;Bewerbungsabgabe;Verfahren;Application submission is still partly on paper.
hardcopy application;Papierbewerbung;Verfahren;The hardcopy application is our last media discontinuity.
media discontinuity;Medienbruch;Verfahren;We have removed almost every media discontinuity in the process.
digitalization;Digitalisierung;Verfahren;Digitalization has cut waiting periods significantly.
streamlining of processes;Prozessoptimierung / Verschlankung;Verfahren;Streamlining of processes reduced the time to hire.
waiting period / waiting time;Wartezeit / Vorlaufzeit;Verfahren;The waiting period for an assessment is now under eight weeks.
assessment;Eignungsfeststellung / Assessment;Verfahren;The assessment unlocks the potential of each applicant.
positive assessment;positive Eignungsfeststellung;Verfahren;Almost 33,000 positive assessments were recorded in 2025.
aptitude test;Eignungstest;Verfahren;The aptitude test is computer-adaptive.
computer-adaptive testing (CAT);computeradaptives Testen;Verfahren;Computer-adaptive testing shortens the exam without losing precision.
psychological service;Psychologischer Dienst;Organisation;The psychological service designs the aptitude tests.
medical assessment;ärztliche Begutachtung;Verfahren;The medical assessment follows the psychological tests.
fitness for service;Wehrdiensttauglichkeit / Diensttauglichkeit;Verfahren;Fitness for service is determined by the medical officer.
billet;Dienstposten / Stelle;Verfahren;A billet is a specific post in the force structure.
billet assignment;Einplanung;Verfahren;Billet assignments rose by 24 per cent in 2025.
hiring;Einstellung;Verfahren;Hiring is the last step of the candidate journey.
new hire;Neueinstellung;Verfahren;We count roughly 25,000 new hires per year.
time to hire;Zeit bis zur Einstellung;Verfahren;Our Fast Lane cuts the time to hire to eight days.
Fast Lane;Fast Lane (Schnellverfahren);Verfahren;The Fast Lane means joining the Bundeswehr within eight days.
determined applicant;entschlossener Bewerber;Verfahren;A determined applicant can take the Fast Lane.
enlistment;Diensteintritt / Verpflichtung;Verfahren;Initial enlistments and officer candidates are counted together.
initial enlistment;Erstverpflichtung;Verfahren;The figures include initial enlistments.
service period;Dienstzeit;Laufbahn;A service period of one year creates entitlement to vocational advancement.
leaving the forces;Dienstzeitende / Ausscheiden;Laufbahn;Around 10,000 service members leaving the forces are supported every year.
transition;Übergang (in den Zivilberuf);Laufbahn;We enable a smooth transition into the civilian job market.
attrition;Abbruchquote / Schwund;Benchmark;Attrition during basic training is a key indicator for both sides.
drop-out;Abbruch / Absprung;Benchmark;Every drop-out in the waiting phase is a lost applicant.
retention rate;Bindungsquote;Benchmark;The retention rate after the first contract matters more than the hiring figure.
conversion rate;Konversionsrate;Benchmark;Our conversion rate is one billet assignment per 1.6 initial consultations.
recruiting rate;Werbequote (Recruiter zu Neueinstellungen);Benchmark;A recruiting rate of 1:45 means one counsellor per 45 new hires.
benchmark;Vergleichsmaßstab;Benchmark;International benchmarking helps us learn and improve.
performance figures;Leistungskennzahlen;Benchmark;All performance figures improved in 2025.
key performance indicator (KPI);Kennzahl / Leistungsindikator;Benchmark;Every pilot is measured against defined key performance indicators.
target figure;Zielgröße / Zielzahl;Benchmark;The upper target figure for 2035 is 270,000.
lower target / upper target;untere / obere Zielgröße;Benchmark;The lower target is 255,000 soldiers by 2035.
compared to the previous year;im Vergleich zum Vorjahr;Benchmark;Applications rose by nine per cent compared to the previous year.
year-on-year;im Jahresvergleich;Benchmark;Initial consultations grew 17 per cent year-on-year.
end strength;Personalstärke (Soll);USA;End strength is the American term for the authorized size of a force.
accession;Zugang / Neueinstellung (US);USA;The Air Force calls a new hire an accession.
Air Force Accessions Center (AFAC);Zentrum für Personalgewinnung der US Air Force;USA;The Air Force Accessions Center combines recruiting and officer training commissioning.
Air Force Recruiting Service (AFRS);Personalwerbedienst der US Air Force;USA;AFRS became part of AFAC in December 2024.
Military Entrance Processing Station (MEPS);Einstellungs- und Musterungsstelle (US);USA;A MEPS is roughly our pre-induction examination center and assessment in one building.
Armed Services Vocational Aptitude Battery (ASVAB);Eignungstest der US-Streitkräfte;USA;The ASVAB determines which jobs an applicant qualifies for.
Delayed Entry Program (DEP);Wartepool bis zum Dienstantritt (US);USA;The Delayed Entry Program keeps recruits engaged before basic training.
Basic Military Training (BMT);Grundausbildung (US Air Force);USA;Attrition in Basic Military Training is around seven to eight per cent.
basic training;Grundausbildung;Kernbegriff;Basic training lasts several weeks in both countries.
Air Force Specialty Code (AFSC);Verwendungsreihe (US Air Force);USA;A guaranteed AFSC is a strong selling point for the Air Force.
enlistment bonus;Verpflichtungsprämie;USA;Enlistment bonuses can reach 40,000 dollars for critical jobs.
Selective Service System (US);Wehrerfassungsbehörde der USA;USA;Every American man must register with the Selective Service System at eighteen.
fiscal year (FY);Haushaltsjahr;USA;The Air Force met its fiscal year 2026 goal in April.
recruiting goal / mission;Werbeziel;USA;The recruiting goal for FY2026 was 32,750 accessions.
propensity to serve;Dienstbereitschaft / Neigung zum Dienst;USA;Propensity to serve is measured in youth surveys.
qualified military available (QMA);geeigneter und verfügbarer Anteil der Jugend;USA;Only about a quarter of American youth are qualified and available.
target audience / target group;Zielgruppe;Marketing;Go where the target audience is.
core target group;Kernzielgruppe;Marketing;The core target group is aged 16 to 25.
visibility;Sichtbarkeit;Marketing;Social media creates visibility among young people.
authenticity;Authentizität;Marketing;Authenticity is more convincing than polished advertising.
employer branding;Arbeitgebermarke / Employer Branding;Marketing;Employer branding is run centrally by the ministry.
marketing mix;Marketingmix;Marketing;Our multi-media marketing mix includes out-of-home, social media and online.
out-of-home advertising;Außenwerbung;Marketing;Out-of-home advertising reaches commuters and students.
demand-based recruitment (advertising);bedarfsorientierte Personalwerbung;Marketing;Demand-based recruitment targets specific shortage careers.
promotional campaign;Werbekampagne;Marketing;We ran 3,800 classic promotional campaigns in 2025.
dialog-based promotional campaign;Dialogkampagne;Marketing;Dialog-based campaigns invite direct conversation.
merchandise;Werbemittel / Merchandise;Marketing;Merchandise used for promotional purposes is popular at festivals.
information portal;Informationsportal;Marketing;The information portal Beruferadar helps with career orientation.
career orientation;Berufsorientierung;Marketing;Sound career orientation is part of pre-activation.
customer relationship management (CRM);Kundenbeziehungsmanagement;Marketing;CRM is our central steering tool for follow-on approaches.
follow-on approach;Nachfassaktion / Folgeansprache;Marketing;Automated follow-on approaches keep hesitating persons in touch.
custom-tailored offer;maßgeschneidertes Angebot;Marketing;Custom-tailored offers increase the chance of a visit.
contact form;Kontaktformular;Marketing;The contact form on the career website is a digital contact point.
digital contact point;digitaler Kontaktpunkt;Marketing;Every digital contact point feeds the CRM.
career website;Karriere-Website;Marketing;The career website counted six million visitors last year.
page views;Seitenaufrufe;Marketing;The career website recorded 851 million page views.
follower;Follower / Abonnent;Marketing;We have more than one million followers on social media.
trade fair;Messe;Veranstaltung;We exhibited at 48 trade fairs and major events in 2025.
exhibition stand;Messestand;Veranstaltung;Eight exhibition stands are used at selected central locations.
pop-up booth;Pop-up-Stand;Veranstaltung;110 pop-up booths are deployed throughout Germany.
career van;Karrieremobil;Veranstaltung;Sixteen career vans tour schools and job centers.
info van / info truck;Infomobil / Infotruck;Veranstaltung;The info truck carries a full career base.
career truck;Karrieretruck;Veranstaltung;The career truck is our flagship at major events.
career base (Karriere-Basis);Karriere-Basis;Veranstaltung;The career base is a mobile pavilion for events.
recruitment event;Personalwerbeveranstaltung;Veranstaltung;We organized 600 recruitment events last year.
national event;bundesweite Veranstaltung;Veranstaltung;National events are run on behalf of the ministry.
Discovery Days;Erlebnistage;Veranstaltung;Discovery Days let young people experience a service branch for five days.
Talent Scout;Talentsuche (Tag der Bundeswehr);Veranstaltung;Talent Scout is a single-day event with 150 places per location.
Bundeswehr Open House (Tag der Bundeswehr);Tag der Bundeswehr;Veranstaltung;The Bundeswehr Open House attracts hundreds of thousands of visitors.
Olympix;Olympix (Sportevent);Veranstaltung;Olympix is a weekend-long sports event for around 500 participants.
Girls' Day / Boys' Day;Mädchen- und Jungen-Zukunftstag;Veranstaltung;Girls' Day and Boys' Day take place in April at about 140 garrisons.
visitor center;Besucherzentrum;Veranstaltung;The service branches run visitor centers for interested persons.
participant;Teilnehmerin / Teilnehmer;Veranstaltung;Up to 3,000 participants join Girls' and Boys' Day.
sound career orientation;fundierte Berufsorientierung;Marketing;Our aim is sound career orientation, not pressure.
practical experience;praktische Erfahrung;Veranstaltung;Discovery Days gather practical experience in a fun way.
recommendation by trusted sources;Empfehlung durch Vertrauenspersonen;Marketing;Recommendation by trusted sources is one corner of our systemic approach.
first-hand experience;Erfahrung aus erster Hand;Marketing;First-hand experience beats any advertisement.
systemic approach;systemischer Ansatz;Marketing;Online presence, first-hand experience and recommendations form our systemic approach.
central steering and control;zentrale Steuerung;Organisation;Local presence plus central steering equals a balanced mix.
local military agencies / units;örtliche Dienststellen / Truppenteile;Organisation;Careers information offices cooperate closely with local units.
policy matters;Grundsatzangelegenheiten;Organisation;Policy matters are handled in the central sections.
file storage;Aktenhaltung;Organisation;File storage remains a legal obligation.
proposed master concept;Musterkonzept;Organisation;The proposed master concept for pre-induction examination centers was designed in Dortmund.
way ahead;weiterer Weg / Ausblick;Vortragssprache;The way ahead for 2026 and beyond has five priorities.
joining forces;Kräfte bündeln;Vortragssprache;Joining forces is essential for the success of the new military service.
full geographical coverage;flächendeckende Präsenz;Organisation;We aim for full geographical coverage of the recruitment organization.
comprehensive digitalization;umfassende Digitalisierung;Verfahren;Comprehensive digitalization of the pre-induction process is our top priority.
potential conscript;möglicher Wehrpflichtiger;Recht;The registration of potential conscripts needs new medical capacities.
artificial intelligence (AI);Künstliche Intelligenz (KI);KI;AI creates structure, but people create trust.
conversational AI / chatbot;Dialog-KI / Chatbot;KI;A conversational AI answers routine questions around the clock.
knowledge base;Wissensbasis;KI;The knowledge base holds the approved answers for the chatbot.
intent;Anliegen / Absicht (Chatbot);KI;Each intent is mapped to one approved answer.
routing by postal code;Zuordnung nach Postleitzahl;KI;Routing by postal code sends the applicant to the right office.
appointment reminder;Terminerinnerung;KI;Appointment reminders improve appointment reliability.
appointment reliability;Terminverbindlichkeit;Verfahren;Appointment reliability rose after we introduced reminders.
lead time;Vorlaufzeit;Verfahren;The lead time for an initial consultation is one to five days.
first-party data;eigene Nutzerdaten;KI;First-party data make us independent of platform targeting.
opt-in;Einwilligung (aktiv);KI;Messaging requires an explicit opt-in.
pilot;Pilotprojekt;Verfahren;A limited pilot with clear KPIs comes before any rollout.
rollout;flächige Einführung;Verfahren;The rollout follows a successful pilot.
lessons learned;Erkenntnisse / Lehren;Vortragssprache;We are here to share lessons learned in both directions.
in a nutshell;kurz gesagt;Vortragssprache;In a nutshell, we recruit volunteers and register a cohort.
to put it bluntly;um es deutlich zu sagen;Vortragssprache;To put it bluntly, our bottleneck is not interest but capacity.
let me rephrase that;lassen Sie mich das anders formulieren;Vortragssprache;Let me rephrase that: the questionnaire is mandatory, the service is not.
Let me start that sentence again.;Ich fange den Satz noch einmal an.;Vortragssprache;Let me start that sentence again.
growth path;Aufwuchspfad;Kernbegriff;The growth path leads from 184,000 soldiers today to up to 270,000 by 2035.
Growth is the goal.;Aufwuchs ist das Ziel.;Vortragssprache;Growth is the goal – everything else is method.
military replacement;Wehrersatz;Kernbegriff;Military replacement is the legal term for keeping the force manned.
registration authority;Erfassungsbehörde;Organisation;BAPersBw acts as the registration authority for the whole cohort.
military registration;Wehrerfassung;Verfahren;Military registration starts with data from the residents' registration offices.
to conduct military registration;die Wehrerfassung durchführen;Verfahren;A central coordination office conducts military registration for all of Germany.
central coordination office;zentrale Koordinierungsstelle;Organisation;One central coordination office steers the mailing and the routing.
residents' registration office;Einwohnermeldeamt;Organisation;The residents' registration offices transmit the address data of every eighteen-year-old.
mailing;Anschreiben (Versand);Verfahren;The first mailing went out to roughly 300,000 young men and women.
printing and dispatch;Druck und Versand;Verfahren;Printing and dispatch are handled by an external mailing service.
mailing service;Versanddienstleister;Organisation;A mailing service prints and dispatches close to a million letters.
cover letter with QR code;Anschreiben mit QR-Code;Verfahren;The cover letter with QR code leads straight to the online questionnaire.
online survey;Online-Befragung;Verfahren;The questionnaire is an online survey with a personal access code.
response;Rücklauf / Antwort;Verfahren;The response rate among men is above 95 per cent.
response rate;Rücklaufquote;Benchmark;A response rate of 96 per cent exceeded all expectations.
conscript;Wehrpflichtiger;Recht;Under the law every man born in 2008 is a conscript, even though no one is called up.
non-conscript;nicht Wehrpflichtiger (Frauen / Freiwillige);Recht;Non-conscripts receive the questionnaire on a voluntary basis.
conscripts with no interest;Wehrpflichtige ohne Interesse;Verfahren;Conscripts with no interest are registered for the reserve, nothing more.
selected candidates;ausgewählte Kandidaten;Verfahren;Selected candidates are invited to the careers center.
data storage;Datenspeicherung;Recht;Data storage is limited by law to what the registration requires.
reminder letter;Erinnerungsschreiben;Verfahren;A reminder letter follows if the questionnaire is not returned within the deadline.
hearing letter;Anhörungsschreiben;Recht;The hearing letter gives the person a chance to explain before a fine is issued.
penalty notice;Bußgeldbescheid;Recht;A penalty notice is the last step and is rarely needed.
notice of objection;Widerspruch;Recht;A notice of objection can be filed against the penalty notice.
legal remedy;Rechtsbehelf;Recht;Every administrative act names the available legal remedy.
acknowledgement of receipt;Eingangsbestätigung;Verfahren;Conscientious objectors receive an acknowledgement of receipt.
Military Service Act (WPflG);Wehrpflichtgesetz;Recht;Section 15a of the Military Service Act covers the mailing to conscripts.
Act on the Legal Status of Military Personnel (SG);Soldatengesetz;Recht;Section 58c of the Soldatengesetz allows the mailing to eighteen-year-old women.
section (§);Paragraf;Recht;Section 15a is the legal basis for the questionnaire.
assumption;Annahme;Vortragssprache;These figures are assumptions, not results yet.
evaluation and routing;Auswertung und Zuordnung;Verfahren;Evaluation and routing of the returned questionnaires are automated.
evaluation logic;Auswertungslogik;KI;The evaluation logic assigns a point value to each answer.
point value;Punktwert;KI;A high point value indicates strong interest and good fit.
category;Kategorie;Verfahren;Returned questionnaires are sorted into categories of interest.
automated routing;automatisierte Zuordnung;KI;Automated routing refers interested persons to the nearest careers center.
to refer someone to;jemanden weiterleiten an;Verfahren;Interested persons are referred directly to the responsible careers center.
capacity management;Kapazitätssteuerung;Verfahren;Capacity management is handled by the Recruiting Operation Center.
Recruiting Operation Center (ROC);Lagezentrum Personalgewinnung;Organisation;The ROC checks free capacities by postal code before an invitation goes out.
accepting careers center;aufnehmendes Karrierecenter;Verfahren;If the local center is full, an accepting careers center takes over.
subject to available capacity;nach verfügbarer Kapazität;Verfahren;Invitations are issued subject to available capacity.
on a voluntary basis;auf freiwilliger Basis;Recht;Implementation is on a voluntary basis until the Bundestag decides otherwise.
heatmap;Heatmap (Verteilungskarte);Benchmark;The heatmap shows where the cohort lives and where capacities are needed.
screening center;Musterungszentrum (Screening-Standort);Organisation;Additional screening centers close the gaps on the map.
conscription center;Musterungszentrum;Organisation;The conscription center is the first physical point of contact for draftees.
draftee;Musterungspflichtiger / Erfasster;Recht;A draftee in our sense is registered, not called up.
initial operational capability (IOC);Anfangsbefähigung;Verfahren;We reached initial operational capability with the first questionnaire in January 2026.
full operational capability (FOC);volle Einsatzfähigkeit;Verfahren;Full operational capability is planned for July 2027.
establishment;Einrichtung / Aufstellung;Organisation;The establishment of conscription centers must be complete by July 2027.
integration into established structures;Einbindung in bestehende Strukturen;Organisation;Integration into established structures saves time and money.
post (staff position);Dienstposten;Organisation;Each medical examination center has 49 posts.
floor space requirement;Flächenbedarf;Organisation;The floor space requirement is about 1,200 square meters per center.
first point of contact;erste Anlaufstelle;Verfahren;The reception desk is the first point of contact for every visitor.
reception and waiting area;Empfangs- und Wartebereich;Organisation;The reception and waiting area is the heart of the center.
wow factor;Wow-Effekt;Marketing;Bright rooms with a wow factor create an atmosphere that motivates.
Digital Corner;Digitaler Bereich;Marketing;The Digital Corner offers interactive displays with changing content.
Physical Corner;Ausrüstungsbereich;Marketing;In the Physical Corner visitors can handle real equipment.
signage;Beschilderung;Organisation;Clear signage guides visitors safely through the process.
cloakroom and lockers;Garderobe und Schließfächer;Organisation;A cloakroom and lockers are available for personal belongings.
vending machine;Automat (Snacks / Getränke);Organisation;Vending machines help pass the waiting time.
to make the Bundeswehr tangible;die Bundeswehr erlebbar machen;Marketing;The center is designed to make the Bundeswehr tangible.
to spark curiosity;Neugier wecken;Marketing;Our goal is to spark curiosity and foster a lasting interest.
to awaken potential;Potenzial wecken;Marketing;The goal is to awaken potential and provide targeted advice.
targeted advice;zielgerichtete Beratung;Verfahren;Targeted advice turns a registered person into an applicant.
conscription examination;Musterungsuntersuchung;Verfahren;The conscription examination is practically equivalent to our assessment.
fitness for duty;Diensttauglichkeit;Verfahren;Fitness for duty is determined by the medical officer.
award of fitness for service;Feststellung der Wehrdienstfähigkeit;Recht;The award of fitness for service is a formal administrative act.
conscription officer;Musterungsoffizier / Erfassungsbeamter;Organisation;The conscription officer issues the notification at the end of the day.
notification;Bescheid;Recht;The notification states the result of the examination.
conscription interview;Musterungsgespräch;Verfahren;The conscription interview addresses the potential of the person.
test administrator interview;Testleitergespräch;Verfahren;The test administrator interview follows the computer-adaptive test.
gold nugget;Goldstück (besonders geeignete Person);Vortragssprache;The CAT helps us identify the gold nuggets in a cohort.
basic qualification for military service;Grundeignung für den Wehrdienst;Verfahren;The test confirms the basic qualification for military service.
registration for military service up to the age of 60;Wehrerfassung bis zum 60. Lebensjahr;Recht;Everyone examined remains registered for military service up to the age of 60.
hybrid recruitment and military replacement organization;hybride Personalgewinnungs- und Wehrersatzorganisation;Organisation;We are building a hybrid recruitment and military replacement organization.
sergeant;Feldwebel;Laufbahn;Our medium-term goal is to run assessments up to sergeant level in the conscription centers.
medium-term goal;mittelfristiges Ziel;Vortragssprache;Our medium-term goal is full assessment capability in every center.
restricted (VS-NfD);Verschlusssache – Nur für den Dienstgebrauch;Recht;Some of these figures are restricted and stay in this room.
unclassified;offen;Recht;This presentation is unclassified.
subsidy;Zuschuss;Recht;A subsidy for the driving license is paid after enlistment.
declaration of consent;Einverständniserklärung;Recht;The declaration of consent covers the storage of the data.
posting order;Versetzungsverfügung / Einplanungsbescheid;Verfahren;The posting order names the unit and the date of joining.
